Model,Threshold,Accuracy,Balanced_Accuracy,Precision,Recall,F1,ROC_AUC,PR_AUC,Specificity,TN,FP,FN,TP
Logistic Regression,0.5,0.976,0.9866071428571428,0.8125,1.0,0.896551724137931,1.0,0.9999999999999998,0.9732142857142857,109,3,0,13
Gradient Boosting,0.5,0.984,0.9570741758241759,0.9230769230769231,0.9230769230769231,0.9230769230769231,0.9945054945054944,0.9633810858507212,0.9910714285714286,111,1,1,12
Tuned Random Forest,0.38,0.968,0.9821428571428572,0.7647058823529411,1.0,0.8666666666666667,1.0,0.9999999999999998,0.9642857142857143,108,4,0,13
